Title,Artist,Release date,BPM,Energy,Danceability,Loudness,Valence,Length,Followers,ID,Key,Noise,Tempo,Weeks until appearance,Seconds
Galway Girl,Ed Sheeran,3/18/2017,100,88,62,-3,78,2:51,62175717,0afhq8XCExXpqazXczTSve,9,-3.374,99.943,1,171
Bad and Boujee (feat. Lil Uzi Vert),Migos,8/31/2016,127,67,93,-5,18,5:43,10270971,4Km5HrUvYTaSUfiSGPJeQR,11,-5.313,127.076,16,343
iSpy (feat. Lil Yachty),KYLE,12/2/2016,75,65,75,-7,67,4:13,865501,2EEeOnHehOozLq4aS0n6SL,7,-6.745,75.016,7,253
Fake Love,Drake,10/29/2016,134,48,93,-9,61,3:31,46039011,343YBumqHu19cGoGARUTsd,9,-9.35,134.007,8,211
Starboy,The Weeknd,11/25/2016,186,59,68,-7,49,3:50,19922535,5aAx2yezTd8zXrkmtKl66Z,7,-7.028,186.054,4,230
Black Beatles,Rae Sremmurd,8/12/2016,146,63,79,-6,36,4:52,5753934,6fujklziTHa8uoM5OQSfIo,0,-6.163,145.926,18,292
Closer,The Chainsmokers,7/29/2016,95,52,75,-6,66,4:05,15879626,7BKLCZ1jbUBVqRi2FVlTVw,8,-5.599,95.01,20,245
Caroline,Aminé,3/9/2016,120,34,94,-10,71,3:30,1204833,5hTpBe8h35rJ67eAWHQsJx,5,-10.179,120.041,39,210
Bad Things (with Camila Cabello),Machine Gun Kelly,10/14/2016,138,69,70,-5,31,3:59,1997314,1PSBzsahR2AKwLJgx8ehBj,2,-4.757,137.853,10,239
I Don’t Wanna Live Forever (Fifty Shades Darker),ZAYN,12/9/2016,118,44,73,-8,10,4:06,11213599,3NdDpSvN911VPGivFlV5d0,0,-8.374,117.973,3,246
Deja Vu,J. Cole,12/9/2016,174,42,66,-11,18,4:25,10667391,6I6NX6tjGsxFAsIfGzY9lJ,9,-11.378,174.063,3,265
Broccoli,DRAM,4/6/2016,146,53,89,-7,71,3:45,767181,7yyRTcZmCiyzzJlNzGC9Ol,8,-7.39,145.99,35,225
Bounce Back,Big Sean,12/9/2016,82,57,78,-6,27,3:42,7243601,0SGkqnVQo9KPytSri1H6cF,1,-5.628,81.502,4,222
I Feel It Coming,The Weeknd,11/25/2016,93,82,77,-6,59,4:29,19922535,5GXAXm5YOmYT0kL5jHvYBt,0,-5.946,92.99,6,269
Shape of You,Ed Sheeran,1/6/2017,96,65,83,-3,93,3:54,62175717,7qiZfU4dY1lWllzX7mPBI3,1,-3.183,95.977,1,234
Castle on the Hill,Ed Sheeran,1/5/2017,135,83,46,-5,47,4:21,62175717,6PCUP3dWmTjcTtXY02oFdT,2,-4.868,135.007,1,261
Paris,The Chainsmokers,1/13/2017,100,64,65,-7,25,3:42,15879626,72jbDTw1piOOj770jWNeaG,2,-6.428,99.99,1,222
T-Shirt,Migos,1/27/2017,139,69,87,-4,49,4:02,10270971,7KOlJ92bu51cltsD9KU5I7,10,-3.744,139.023,1,242
No Favors,Big Sean,2/3/2017,58,78,48,-5,34,5:26,7243601,1MksGqIztTT6M9R1ErKVs8,11,-5.334,57.967,1,326
Moves,Big Sean,2/3/2017,76,52,81,-5,38,2:23,7243601,0Fv5N0cHBsl4bzCbollCAS,2,-5.287,75.524,1,143
Chained To The Rhythm,Katy Perry,2/10/2017,190,80,45,-5,47,3:58,15161661,6520aj0B4FSKGVuKNsOCOi,0,-5.363,189.798,1,238
It Ain't Me,Kygo,2/16/2017,100,53,64,-7,45,3:37,6247031,3eR23VReFzcdmS7TYCrhCe,0,-6.596,99.968,1,217
That's What I Like,Bruno Mars,11/17/2016,134,56,85,-5,86,3:27,24729600,0KKkJNfGyhkQ5aFogxQAPU,1,-4.961,134.006,14,207
Congratulations,Post Malone,12/9/2016,123,80,63,-4,49,3:40,24184201,3a1lNhkSLSkpJE4MSHpDu9,6,-4.183,123.146,11,220
Something Just Like This,The Chainsmokers,2/22/2017,103,64,62,-7,45,4:07,15879626,6RUKPb4LETWmmr3iAEQktW,11,-6.769,103.019,3,247
Slide (feat. Frank Ocean & Migos),Calvin Harris,2/24/2017,104,80,74,-3,51,3:51,19858521,7tr2za8SQg2CI8EDgrdtNl,1,-3.299,104.066,1,231
Mask Off,Future,4/18/2017,150,43,83,-9,28,3:25,8570772,3rOSwuTsUlJp0Pu0MkN8r8,2,-8.795,150.062,1,205
Tunnel Vision,Kodak Black,2/17/2017,172,49,50,-8,23,4:28,5747311,4Q3N4Ct4zCuIHuZ65E3BD4,11,-7.724,171.853,4,268
1-800-273-8255,Logic,5/5/2017,100,57,62,-8,35,4:10,4565122,5tz69p7tJuGPeMGwNTxYuV,5,-7.788,100.023,1,250
Unforgettable,French Montana,4/7/2017,98,77,73,-5,73,3:54,3409880,1F2HXIJrE2Xn81OzT2zZvW,6,-5.043,97.985,6,234
Passionfruit,Drake,3/18/2017,112,46,81,-11,36,4:59,46039011,7hDc8b7IXETo14hHIHdnhd,11,-11.377,111.98,1,299
Portland,Drake,3/18/2017,136,44,93,-8,35,3:57,46039011,2bjwRfXMk4uRgOD9IBYl9h,1,-8.216,136.078,1,237
Free Smoke,Drake,3/18/2017,142,49,74,-7,20,3:39,46039011,05KOgYg8PGeJyyWBPi5ja8,10,-6.892,141.979,1,219
Gyalchester,Drake,3/18/2017,131,39,88,-8,12,3:09,46039011,6UjfByV1lDLW0SOVQA4NAi,1,-8.196,131.018,1,189
Blem,Drake,3/18/2017,98,54,73,-8,38,3:37,46039011,2XlHu0HcujBCkWMdIAvrqt,7,-7.804,98.067,1,217
No Long Talk,Drake,3/18/2017,97,61,91,-7,58,2:30,46039011,6CfrYuD3YRDYdYvH9jNtXY,10,-6.839,97.063,1,150
HUMBLE.,Kendrick Lamar,4/14/2017,150,62,91,-7,42,2:57,14383464,7KXjTSCq5nL1LoYtL7XAwS,1,-6.638,150.011,1,177
XO Tour Llif3,Lil Uzi Vert,3/24/2017,155,75,73,-6,40,3:03,8412704,2eMwDehkIC1j68U6FA3Eiq,11,-6.366,155.096,3,183
Location,Khalid,1/26/2017,80,45,74,-11,33,3:39,11129019,152lZdxL1OR0ZMW6KquMif,1,-11.462,80.126,11,219
DNA.,Kendrick Lamar,4/14/2017,140,52,64,-7,42,3:06,14383464,6HZILIRieu8S0iqY8kIKhj,1,-6.664,139.913,1,186
ELEMENT.,Kendrick Lamar,4/14/2017,190,71,75,-5,48,3:29,14383464,1EaKU4dMbesXXd3BrLCtYG,4,-4.547,189.891,1,209
LOYALTY. FEAT. RIHANNA.,Kendrick Lamar,4/14/2017,111,54,66,-9,42,3:47,14383464,6SwRhMLwNqEi6alNPVG00n,9,-8.983,110.684,1,227
LOVE. FEAT. ZACARI.,Kendrick Lamar,4/14/2017,126,59,80,-7,78,3:33,14383464,6PGoSes0D9eUDeeAafB2As,10,-7.343,126.058,1,213
YAH.,Kendrick Lamar,4/14/2017,70,70,67,-8,65,2:40,14383464,4BHSjbYylfOH5WAGusDyni,1,-7.893,69.986,1,160
XXX. FEAT. U2.,Kendrick Lamar,4/14/2017,170,62,57,-7,29,4:14,14383464,4iYRa2btalAzPZoSYfROqF,1,-6.899,170.115,1,254
FEEL.,Kendrick Lamar,4/14/2017,110,80,75,-8,55,3:35,14383464,2LTlO3NuNVN70lp2ZbVswF,0,-8.382,109.968,1,215
PRIDE.,Kendrick Lamar,4/14/2017,139,54,67,-7,37,4:35,14383464,6IZvVAP7VPPnsGX6bvgkqg,4,-7.056,138.842,1,275
Despacito - Remix,Luis Fonsi,4/17/2017,178,82,65,-4,82,3:49,8304751,5CtI0qwDJkDQGwXD1H1cLb,2,-4.328,88.931,2,229
"I'm the One (feat. Justin Bieber, Quavo, Chance the Rapper & Lil Wayne)",DJ Khaled,4/28/2017,81,67,60,-4,82,4:49,4644078,3DXncPQOG4VBw3QHh3S817,7,-4.284,80.924,1,289
Malibu,Miley Cyrus,5/11/2017,140,78,57,-6,34,3:52,11384838,2habSXqcJGExM6JJyskY7O,8,-6.413,140.004,1,232
Bad Liar,Selena Gomez,5/18/2017,121,41,97,-6,73,3:35,20213300,1sCxVKWImDZSZKvG0U9B23,1,-6.543,121.074,1,215
Redbone,Childish Gambino,12/2/2016,160,35,74,-11,57,5:27,6166282,3kxfsdsCpFgN412fpnW85Y,1,-10.425,160.033,25,327
2U,David Guetta,6/9/2017,145,65,55,-6,56,3:15,21180554,3A7qX2QjDlPnazUsRk5y0M,8,-5.827,144.937,1,195
Wild Thoughts (feat. Rihanna & Bryson Tiller),DJ Khaled,6/22/2017,98,68,61,-3,62,3:25,4644078,1OAh8uOEOvTDqkKFsKksCi,0,-3.094,97.98,1,205
Signs,Drake,6/23/2017,107,74,79,-4,22,3:54,46039011,6Na5uKk5SsqZimk0hAWo8y,0,-4.204,107.374,1,234
"Feels (feat. Pharrell Williams, Katy Perry & Big Sean)",Calvin Harris,6/30/2017,101,75,89,-3,87,3:43,19858521,5bcTCxgc7xVfSaMV3RuVke,11,-3.105,101.018,3,223
Bank Account,21 Savage,8/8/2017,75,35,88,-8,38,3:40,7724770,5eqK0tbzUPo2SoeZsov04s,8,-8.228,75.016,1,220
Sorry Not Sorry,Demi Lovato,7/11/2017,144,64,71,-7,89,3:24,16942132,25C5CowdsfXld2jJanbiex,11,-6.889,144.084,2,204
BUTTERFLY EFFECT,Travis Scott,5/15/2018,141,63,76,-6,19,3:11,8626595,1yxgsra98r3qAtxqiGZPiX,11,-6.865,140.987,9,191
Mi Gente,J Balvin,6/30/2017,105,69,77,-5,31,3:09,18912291,2rb5MvYT7ZIxbKW5hfcHx8,11,-4.915,103.809,4,189
Friends (with BloodPop®),Justin Bieber,8/17/2017,105,73,74,-5,62,3:09,34196781,7nZmah2llfvLDiUjm0kiyz,8,-5.35,104.99,1,189
Bodak Yellow,Cardi B,6/16/2017,125,70,93,-6,49,3:44,11081263,2771LMNxwf62FTAdpJMQfM,11,-5.792,125.022,9,224
Young Dumb & Broke,Khalid,4/27/2017,137,54,80,-6,39,3:23,11129019,5Z3GHaZ6ec9bsiI5BenrbY,1,-6.351,136.949,15,203
Look What You Made Me Do,Taylor Swift,8/25/2017,128,71,77,-6,51,3:32,28259437,6uFsE1JgZ20EXyU0JQZbUR,9,-6.378,128.062,1,212
Jocelyn Flores,XXXTENTACION,8/25/2017,134,39,87,-9,44,1:59,18978942,7m9OqQk4RVRkw9JJdeAw96,0,-9.144,134.021,1,119
Fuck Love (feat. Trippie Redd),XXXTENTACION,8/25/2017,131,53,80,-10,33,2:27,18978942,7AQim7LbvFVZJE3O8TYgf2,0,-9.74,131.036,1,147
The Way Life Goes (feat. Oh Wonder),Lil Uzi Vert,8/25/2017,82,76,70,-4,70,3:42,8412704,2eAZfqOm4EnOF9VvN50Tyc,1,-3.612,82.008,1,222
...Ready For It?,Taylor Swift,9/3/2017,160,76,61,-7,42,3:28,28259437,7zgqtptZvhf8GEmdsM2vp2,2,-6.454,160,1,208
Silence,Marshmello,8/11/2017,142,76,52,-3,29,3:01,22868430,7vGuf3Y35N4wmASOKLUVVU,4,-3.093,141.971,4,181
Too Good At Goodbyes,Sam Smith,9/8/2017,92,37,68,-8,48,3:21,12355637,0mel2N9Ws9r4yLQn5QE21Y,5,-8.273,91.835,1,201
rockstar (feat. 21 Savage),Post Malone,9/15/2018,160,52,59,-6,13,3:38,24184201,1OmcAT5Y8eg5bUPv9qJT4R,5,-6.631,159.786,1,218
I Fall Apart,Post Malone,10/17/2016,144,54,56,-5,29,3:43,24184201,75ZvA4QfFiZvzhj2xkaWAh,8,-5.408,143.95,52,223
Gucci Gang,Lil Pump,10/6/2017,120,52,94,-7,70,2:04,6744799,43ZyHQITOjhciSUUNPVRHc,5,-6.71,119.889,1,124
I Get the Bag (feat. Migos),Gucci Mane,10/13/2017,140,63,89,-5,43,3:53,3184390,1XRgIKC5TPwo7nWGyKqgG0,11,-5.475,139.948,1,233
Havana (feat. Young Thug),Camila Cabello,8/3/2017,105,52,77,-4,39,3:37,15796070,0ofbQMrRDsUaVKq2mGLEAb,7,-4.323,104.992,10,217
Gorgeous,Taylor Swift,10/20/2017,92,54,80,-7,45,3:30,28259437,5Gd19NupVe5X8bAqxf9Iaz,7,-6.87,91.981,1,210
Wolves,Selena Gomez,10/25/2017,125,80,72,-5,31,3:18,20213300,7EmGUiUaOSGDnUUQUDrOXC,11,-4.647,124.989,1,198
MotorSport,Migos,10/27/2018,138,52,90,-5,19,5:03,10270971,1YZfcVLbbJwfizR5cDOp3q,2,-4.443,138.003,1,303
Ghostface Killers,21 Savage,10/30/2017,83,44,78,-7,24,4:29,7724770,5u6vkDnOyaf8LsteDAj2ub,2,-7.033,82.994,2,269
What Lovers Do (feat. SZA),Maroon 5,8/30/2017,110,60,80,-5,42,3:20,23644514,3hBBKuWJfxlIlnd9QFoC8k,5,-5.211,110.009,10,200
Ric Flair Drip (& Metro Boomin),Offset,10/30/2017,100,43,88,-8,33,2:53,1545508,7sO5G9EABYOXQKNPNiE9NR,9,-8.28,100.007,2,173
No Limit,G-Eazy,9/8/2017,176,77,84,-4,41,4:05,4394231,2Xqd0wUttjueBfdcltADOv,1,-3.791,175.957,9,245
Plain Jane,A$AP Ferg,8/18/2017,170,84,80,-5,52,2:54,2361443,4dVpf9jZjcORqGTLUaeYj9,11,-5.482,170.142,12,174
Candy Paint,Post Malone,10/20/2017,180,67,66,-6,38,3:48,24184201,42CeaId2XNlxugDvyqHfDf,4,-5.566,90.013,4,228
Perfect Duet (Ed Sheeran & Beyoncé),Ed Sheeran,11/30/2017,95,30,59,-7,36,4:20,62175717,1bhUWB0zJMIKr9yVPrkEuI,8,-7.365,94.992,2,260
Him & I (with Halsey),G-Eazy,12/15/2017,88,73,59,-6,19,4:29,4394231,3YU6vJbjYUG0tiJyXf9x5V,2,-6.343,87.908,1,269
River (feat. Ed Sheeran),Eminem,12/15/2017,90,75,75,-6,66,3:41,34269185,5UEnHoDYpsxlfzWLZIc7LD,8,-5.794,90.052,1,221
Bartier Cardi (feat. 21 Savage),Cardi B,12/22/2017,138,52,91,-8,11,3:44,11081263,75FDPwaULRdYDn4StFN2rT,8,-7.513,138.043,1,224
Finesse - Remix; feat. Cardi B,Bruno Mars,12/20/2017,105,86,70,-5,93,3:37,24729600,3Vo4wInECJQuz9BIBMOu8i,5,-4.877,105.115,3,217
All The Stars (with SZA),Kendrick Lamar,1/4/2018,97,63,70,-5,55,3:52,14383464,66kQ7wr4d2LwwSjr7HXcyr,5,-5.362,96.799,1,232
God's Plan,Drake,1/19/2018,77,45,75,-9,36,3:19,46039011,2XW4DbS6NddZxRPm5rMCeY,7,-9.441,77.176,1,199
Diplomatic Immunity,Drake,1/20/2018,75,84,65,-5,55,4:16,46039011,5goGDc74vVREyN8al8CkPh,9,-5.076,74.867,1,256
Stir Fry,Migos,1/26/2018,182,82,82,-5,51,3:10,10270971,2UVbBKQOdFAekPTRsnkzcf,2,-5.402,181.982,1,190
Narcos,Migos,1/26/2018,125,59,94,-7,24,4:15,10270971,0wbnC9AUenxp613TYaJsGK,0,-6.914,124.991,1,255
Walk It Talk It,Migos,1/26/2018,146,63,91,-5,40,4:36,10270971,6n4U3TlzUGhdSFbUUhTvLP,2,-5.145,145.914,1,276
The Middle,Zedd,1/23/2018,107,66,75,-3,44,3:05,5109169,09IStsImFySgyp0pIQdqAc,7,-3.061,107.01,1,185
Pray For Me (with Kendrick Lamar),The Weeknd,2/9/2018,101,68,74,-5,19,3:31,19922535,4ofvoCdXq99vpMZO4Cfp8x,2,-5.02,100.537,1,211
Mine,Bazzi,10/12/2017,143,79,71,-4,72,2:11,3093000,6tHWl8ows5JOZq9Yfaqn3M,4,-3.839,142.886,16,131
Look Alive (feat. Drake),BlocBoy JB,2/9/2018,140,58,92,-7,60,3:01,1061777,4qKcDkK6siZ7Jp1Jb4m0aL,10,-7.495,140.022,1,181
"King's Dead (with Kendrick Lamar, Future & James Blake)",Jay Rock,1/12/2018,137,71,65,-5,38,3:50,801949,51rXHuKN8Loc4sUlKPODgH,1,-5.008,137.133,6,230
X (with 2 Chainz & Saudi),ScHoolboy Q,2/9/2018,131,47,77,-8,41,4:27,3050412,4LmAnpjlhWTahvRkYR8xJa,2,-8.406,131.023,1,267
Psycho (feat. Ty Dolla $ign),Post Malone,2/23/2018,140,56,75,-8,46,3:41,24184201,65NwOZqoXny4JxqAPlfxRF,8,-8.115,140.057,1,221
44 More,Logic,2/23/2018,140,58,82,-7,22,3:09,4565122,6iyp6udVpLuq3MCUulZT4h,1,-7.085,139.968,1,189
Everyday,Logic,3/9/2018,150,74,67,-4,42,3:25,4565122,4EAV2cKiqKP5UPZmY6dejk,1,-4.099,149.908,2,205
Moonlight,XXXTENTACION,3/16/2018,128,54,92,-6,71,2:15,18978942,0JP9xo3adEtGSdUEISiszL,9,-5.723,128.009,2,135
SAD!,XXXTENTACION,3/16/2018,75,61,74,-5,47,2:47,18978942,35ieKju5aLWFN5UgfJ27mL,8,-4.88,75.023,2,167
Plug Walk,Rich The Kid,3/30/2018,95,52,88,-7,16,2:55,2090004,0gD6lWJhbXHWNVwQziSVvl,11,-6.618,95.011,1,175
Freaky Friday (feat. Chris Brown),Lil Dicky,3/15/2018,133,60,76,-5,76,3:37,1593153,10Igtw8bSDyyFs7KIsKngZ,8,-5.042,133.123,2,217
Love Lies (with Normani),Khalid,2/14/2018,144,65,71,-6,34,3:22,11129019,45Egmo7icyopuzJN0oMEdk,6,-5.626,143.955,6,202
Call Out My Name,The Weeknd,3/30/2018,134,59,46,-5,18,3:48,19922535,1gm616Plq4ScqNi7TVkZ5N,1,-4.929,134.045,1,228
Try Me,The Weeknd,3/30/2018,92,68,46,-6,11,3:41,19922535,2poOAWEj1CStqTVPgIHZ8s,8,-5.748,91.997,1,221
Wasted Times,The Weeknd,3/30/2018,123,68,56,-6,29,3:40,19922535,72TyiiduRmczEbDIEtKQdR,10,-6.049,122.699,1,220
I Was Never There,The Weeknd,3/30/2018,113,74,32,-4,16,4:01,19922535,56d6kYZhfhzpoC3s1dRU2V,10,-4.021,113.34,1,241
Hurt You,The Weeknd,3/30/2018,184,72,48,-7,36,3:50,19922535,13wNEvWmBsWaWVtiLPRIW5,5,-7.193,184.131,1,230
Nice For What,Drake,4/6/2018,93,91,59,-6,76,3:31,46039011,1cTZMwcBJT0Ka3UJPXOeeN,8,-6.471,93.35,1,211
KOD,J. Cole,4/20/2018,142,78,83,-6,20,3:11,10667391,7yotKA30dwTKNEGomV9ZsI,0,-6.274,141.869,1,191
ATM,J. Cole,4/20/2018,82,50,72,-8,35,3:37,10667391,2UciqgwVDwro0fev3MFbxJ,8,-7.661,81.651,1,217
Kevin’s Heart,J. Cole,4/20/2018,116,53,83,-7,47,3:20,10667391,6tZ3b7ik1QDXFAZlXib0YZ,6,-6.644,116.078,1,200
Motiv8,J. Cole,4/20/2018,150,39,87,-8,60,2:14,10667391,1AT4xjNarTswd0UZ5FlmKF,4,-7.801,149.897,1,134
Photograph,J. Cole,4/20/2018,105,49,83,-6,37,3:39,10667391,0bhnUFDQFCEHCBlsQfHnj5,1,-6.416,105.05,1,219
1985 - Intro to “The Fall Off”,J. Cole,4/20/2018,94,65,68,-6,64,3:10,10667391,7EulRO07ZgchxqKUHb8Pvc,2,-5.892,94.336,1,190
no tears left to cry,Ariana Grande,4/20/2018,122,71,70,-6,35,3:26,44465957,5SxkdsY1ufZzoq9iXceLw9,0,-5.482,121.969,1,206
Better Now,Post Malone,4/27/2018,145,58,68,-6,34,3:51,24184201,7dt6x5M1jzdTEt8oCbisTK,10,-5.804,145.038,1,231
Paranoid,Post Malone,4/27/2018,160,54,63,-5,25,3:42,24184201,3fpVWegR6YOS1Yk5HSMYIq,0,-5.428,159.914,1,222
Spoil My Night (feat. Swae Lee),Post Malone,4/27/2018,161,72,67,-3,23,3:15,24184201,5VuxWXbt7XENQCtE9TzpTv,1,-2.714,160.981,1,195
Rich & Sad,Post Malone,4/27/2018,152,57,60,-5,28,3:26,24184201,2VdT56BGpdqNHUgOe1j5vc,2,-4.998,151.974,1,206
Stay,Post Malone,4/27/2018,86,48,51,-5,35,3:24,24184201,4H7WNRErSbONkM06blBoGc,5,-5.418,86.046,1,204
Ball For Me (feat. Nicki Minaj),Post Malone,4/27/2018,134,55,80,-4,54,3:26,24184201,6IaieqiCVvsNvEt6Y7yOFa,9,-4.166,134.206,1,206
Zack And Codeine,Post Malone,4/27/2018,138,82,74,-5,39,3:24,24184201,5lZZmityu9TAjNvSY6GLhR,5,-5.165,138.039,1,204
This Is America,Childish Gambino,5/6/2018,120,46,85,-6,55,3:46,6166282,0b9oOr2ZgvyQu88wzixux9,5,-6.159,120.024,1,226
Watch (feat. Lil Uzi Vert & Kanye West),Travis Scott,5/4/2018,79,56,71,-5,25,3:37,8626595,3DoBTwfr8yi2LN08SBpFkN,4,-5.216,78.534,1,217
I Like It,Cardi B,4/6/2018,136,73,82,-4,65,4:13,11081263,58q2HKrzhC3ozto2nDdN4z,5,-3.998,136.048,5,253
Yes Indeed,Lil Baby,5/18/2018,120,35,96,-9,56,2:22,3827443,6vN77lE9LK6HP2DewaN6HZ,5,-9.309,119.958,1,142
Lucid Dreams,Juice WRLD,12/10/2018,84,57,51,-7,22,4:00,8911211,0X8DcetL926BYiPJYstJTc,6,-7.23,83.903,22,240
I'm Upset,Drake,5/26/2018,150,59,90,-8,49,3:34,46039011,54oMZ3blwWwuPN4wEoG5mk,11,-7.901,149.953,1,214
All Mine,Kanye West,6/1/2018,122,31,93,-7,29,2:26,11509838,3qnoOm4fwZPBS116f5hpgF,11,-6.562,122.099,1,146
Ghost Town,Kanye West,6/1/2018,83,55,57,-4,30,4:31,11509838,6Bg7MznA9X0dIhlAsLyBYj,7,-4.251,83.364,1,271
Yikes,Kanye West,6/1/2018,174,78,68,-3,22,3:09,11509838,2r4JRwcbIeuAzWjH4YXlLs,1,-3.241,173.931,1,189
Wouldn't Leave,Kanye West,6/1/2018,164,43,56,-9,35,3:26,11509838,3dG6tjetoR4GMmUGZUprLt,3,-8.559,164.236,1,206
I Thought About Killing You,Kanye West,6/1/2018,116,40,75,-8,42,4:34,11509838,6EuE9M1viu9gkdFSafia9o,2,-6.938,116.064,1,274
Violent Crimes,Kanye West,6/1/2018,110,42,67,-7,4,3:35,11509838,2VYb3Fb5iK5Y8HGZ8oEEkp,1,-6.731,110.111,1,215
Reborn,KIDS SEE GHOSTS,6/8/2018,100,60,59,-7,23,5:25,482286,4RVbK6cV0VqWdpCDcx3hiT,0,-7.499,100.051,1,325
Girls Like You,Maroon 5,6/15/2018,60,46,61,-7,38,3:35,23644514,6FRLCMO5TUHTexlWo8ym1W,0,-6.825,124.959,1,215
changes,XXXTENTACION,3/16/2018,65,31,67,-10,52,2:02,18978942,7AFASza1mXqntmGtbxXprO,11,-10.068,64.934,14,122
Taste (feat. Offset),Tyga,5/16/2018,98,56,88,-7,34,3:53,5567808,5IaHrVsrferBYDm0bDyABy,0,-7.442,97.994,6,233
Nonstop,Drake,6/29/2018,155,41,91,-8,42,3:59,46039011,2Vx8E3K5icPZR7OCklWBXX,6,-8.133,154.984,1,239
Don’t Matter To Me (with Michael Jackson),Drake,6/29/2018,103,32,83,-12,14,4:06,46039011,36ONiya0OANYknz0GgJmwB,10,-12.39,103.001,1,246
Emotionless,Drake,6/29/2018,173,68,41,-5,8,5:02,46039011,1v1IXPXl73Z7zy6f5tUa9n,1,-5.124,173.478,1,302
In My Feelings,Drake,6/29/2018,91,63,84,-6,35,3:38,46039011,0bAkKNCQfWkexHFn7fIKns,8,-9.445,181.995,1,218
Mob Ties,Drake,6/29/2018,86,57,76,-8,49,3:25,46039011,7txPE73wHbuXYkM1h8zNrG,4,-8.392,85.994,1,205
Elevate,Drake,6/29/2018,76,47,76,-9,5,3:05,46039011,4uloft7ZE54WflsuqFmjC7,1,-8.72,76.056,1,185
Survival,Drake,6/29/2018,77,60,61,-9,15,2:16,46039011,71SEHJPt1iDwGkBhUOAXDP,9,-9.083,84.763,1,136
8 Out Of 10,Drake,6/29/2018,171,69,53,-8,31,3:16,46039011,5fcM0StdQxMjzulVGhFkHN,11,-7.874,170.416,1,196
God is a woman,Ariana Grande,7/13/2018,145,66,60,-6,27,3:18,44465957,7gkWXbAxIYuvtOpcN3p9GJ,1,-5.979,144.971,1,198
FEFE,6ix9ine,7/22/2018,126,39,93,-9,38,2:59,4595879,2E124GmJRnBJuXbTb4cPUB,1,-9.127,125.978,1,179
No Brainer,DJ Khaled,7/27/2018,136,76,55,-5,64,4:20,4644078,5WvAo7DNuPRmk4APhdPzi8,0,-4.706,135.702,1,260
Eastside (with Halsey & Khalid),benny blanco,7/12/2018,89,68,56,-8,32,2:54,519970,0d2iYfpKoM0QCKvcLCkBao,6,-7.648,89.391,3,174
SICKO MODE,Travis Scott,8/3/2018,155,73,83,-4,45,5:13,8626595,2xLMifQCjDGFmkHkpNLD9h,8,-3.714,155.008,1,313
STARGAZING,Travis Scott,8/3/2018,150,79,49,-4,6,4:31,8626595,7wBJfHzpfI3032CSD7CE2m,8,-3.69,150.007,1,271
CAROUSEL,Travis Scott,8/3/2018,95,40,43,-6,13,3:00,8626595,7KZ5MMVgBVox9ycroB2UrI,5,-5.914,95.387,1,180
YOSEMITE,Travis Scott,8/3/2018,128,55,79,-7,14,2:30,8626595,7lAK3oHbfEnvUQWosrMMpR,0,-6.571,128.047,1,150
R.I.P. SCREW,Travis Scott,8/3/2018,75,61,61,-6,56,3:06,8626595,4SZepBIPDRwPaHIjAKwRDb,0,-5.978,74.946,1,186
WAKE UP,Travis Scott,8/3/2018,149,65,74,-5,49,3:52,8626595,20MuVazoNMv6xjKPnRFOxG,11,-5.116,149.07,1,232
NO BYSTANDERS,Travis Scott,8/3/2018,147,81,73,-3,43,3:38,8626595,6OaVWaGfhXn70ZJfdVcabn,1,-3.225,147.045,1,218
breathin,Ariana Grande,8/17/2018,100,66,57,-5,36,3:18,44465957,4OafepJy2teCjYJbvFE60J,8,-5.413,100.049,1,198
Lucky You (feat. Joyner Lucas),Eminem,8/31/2018,153,79,88,-5,57,4:05,34269185,60SdxE8apGAxMiRrpbmLY0,10,-4.884,153.068,1,245
The Ringer,Eminem,8/31/2018,119,55,94,-9,42,5:38,34269185,2jt2WxXMCD4zjACthkJQVE,1,-9.126,118.552,1,338
Not Alike (feat. Royce Da 5'9),Eminem,8/31/2018,140,76,90,-4,34,4:48,34269185,28FGV3ORH14MYORd7s5dlU,10,-3.746,140.005,1,288
Fall,Eminem,8/31/2018,183,55,83,-6,54,4:22,34269185,58QhkbaAkLFnn7JwAnAato,1,-5.716,182.973,1,262
Kamikaze,Eminem,8/31/2018,80,81,78,-5,64,3:36,34269185,2gsNpSn7VvvJuSrIDfRoYy,2,-5.175,79.982,1,216
I Love It (& Lil Pump),Kanye West,9/7/2018,104,52,90,-8,33,2:08,11509838,4S8d14HvHb70ImctNgVzQQ,2,-8.304,104.053,1,128
Self Care,Mac Miller,8/3/2018,142,54,52,-8,18,5:45,4201266,5bJ1DrEM4hNCafcDd1oxHx,1,-8.109,141.894,5,345
Wake Up in the Sky,Gucci Mane,9/14/2018,143,58,80,-5,37,3:25,3184390,0QIjsbm2fh1cJ45XO9eGqq,4,-5.144,143.01,1,205
Mo Bamba,Sheck Wes,6/16/2017,146,63,73,-5,26,3:04,836632,3QybPutx0Tjk472bBKjNWn,6,-4.882,146.067,64,184
Falling Down - Bonus Track,Lil Peep,9/19/2018,120,57,67,-6,27,3:16,3532917,0Dn40gxVCMo5TkgS8Ik18Q,4,-6.442,120.013,3,196
New Patek,Lil Uzi Vert,9/18/2018,145,79,85,-5,72,5:43,8412704,0Fpen1PTuEnCmOJtUU9Iud,8,-4.963,145.063,2,343
Happier,Marshmello,8/17/2018,100,79,69,-3,67,3:34,22868430,2dpaYNEQHiRxtZbfNsse99,5,-2.749,100.015,5,214
Mona Lisa (feat. Kendrick Lamar),Lil Wayne,9/28/2018,122,69,86,-4,49,5:24,8978967,0dbTQYW3Ad1FTzIA9t90E8,2,-4.393,122.078,1,324
Don't Cry (feat. XXXTENTACION),Lil Wayne,9/28/2018,112,71,59,-6,21,4:09,8978967,5BQrp63SHCVf4bzCzJePne,8,-6.072,111.913,1,249
Let It Fly (feat. Travis Scott),Lil Wayne,9/28/2018,89,82,90,-3,75,3:07,8978967,0CBQ0m3mufWH75LTYB3s6h,1,-3.321,89,1,187
Uproar,Lil Wayne,9/28/2018,99,87,74,-2,88,3:14,8978967,3wScL5W8H40zzCKN0atfBk,1,-2.188,99.075,1,194
Dedicate,Lil Wayne,9/28/2018,118,66,88,-6,72,3:10,8978967,0Y7di9ZCmB6Elad5WISaPc,2,-6.162,117.975,1,190
Can't Be Broken,Lil Wayne,9/28/2018,99,58,58,-6,15,3:13,8978967,5cGpjfgAvidLy6znwkCxkP,2,-5.997,99.288,1,193
What About Me (feat. Sosamann),Lil Wayne,9/28/2018,118,44,78,-7,22,3:37,8978967,3JX0dOCIAiaR8MP3ryXWuM,10,-6.566,118.089,1,217
Drip Too Hard (Lil Baby & Gunna),Lil Baby,10/5/2018,113,66,90,-7,39,2:26,3827443,78QR3Wp35dqAhFEc2qAGjE,1,-6.903,112.511,1,146
"Never Recover (Lil Baby & Gunna, Drake)",Lil Baby,10/5/2018,132,69,75,-5,89,3:15,3827443,6wWaVoUOzLQJHd3bWAUpdZ,1,-5.415,132.055,1,195
STOOPID,6ix9ine,10/5/2018,150,69,72,-4,86,2:23,4595879,1jQvUmf16VE9WQCPuK2e8K,11,-4.296,149.989,1,143
MIA (feat. Drake),Bad Bunny,10/11/2018,97,54,82,-6,16,3:30,20375689,116H0KvKr2Zl4RPuVBruDO,6,-6.349,97.062,1,210
Without Me,Halsey,10/4/2018,136,49,75,-7,53,3:22,10198388,5p7ujcrUXASCNwRaWNHR1C,6,-7.05,136.041,2,202
"Taki Taki (with Selena Gomez, Ozuna & Cardi B)",DJ Snake,9/28/2018,96,80,84,-4,62,3:33,6747118,4w8niZpiMy6qz1mntFA5uM,8,-4.167,95.881,3,213
Sunflower - Spider-Man: Into the Spider-Verse,Post Malone,10/18/2018,90,48,76,-6,91,2:38,24184201,1A6OTy97kk0mMdm78rHsm8,2,-5.61,89.95,2,158
Fine China,Future,10/19/2018,166,54,66,-7,55,2:22,8570772,5274I4mUMnYczyeXkGDWZN,7,-7.358,166.111,1,142
Better,Khalid,10/18/2018,98,55,60,-10,11,3:49,18978942,2OpBganfGk2GVdSlRdxzaX,0,-10.315,98.035,2,229
Arms Around You (feat. Maluma & Swae Lee),XXXTENTACION,10/25/2018,105,72,70,-5,29,3:19,18978942,2LskIZrCeLxRvCiGP8gxlh,9,-5.45,104.969,1,199
"thank u, next",Ariana Grande,11/3/2018,107,65,72,-6,41,3:27,44465957,2rPE9A1vEgShuZxxzR2tZH,1,-5.642,106.96,1,207
Armed And Dangerous,Juice WRLD,11/9/2018,130,67,74,-7,85,2:50,8911211,6SAKXCj5jyF6IgPCPbZ5ra,10,-6.702,130.032,1,170
Going Bad (feat. Drake),Meek Mill,11/30/2018,86,50,89,-6,54,3:01,4082738,2IRZnDFmlqMuOrYOLnZZyc,4,-6.365,86.003,2,181
TIC TOC,6ix9ine,11/27/2018,142,69,82,-7,68,2:16,4595879,4m5Cd9kAbIxg6t9sMrQWtk,6,-6.646,142.027,2,136
KIKA,6ix9ine,11/27/2018,95,72,75,-3,34,2:16,4595879,6Gy7rXB6Ku5vIWC7WGWsl3,1,-3.368,94.513,2,136
whoa (mind in awe),XXXTENTACION,12/7/2018,160,53,74,-3,37,2:38,18978942,7pdF27mSDuPWhppnHAmWHa,6,-2.939,160.147,1,158
imagine,Ariana Grande,12/14/2018,63,48,73,-5,37,3:32,44465957,0todbbT9g5uQGbeFCiBf2F,8,-4.993,62.484,1,212
Wow.,Post Malone,12/24/2018,100,54,83,-7,39,2:30,24184201,6MWtB6iiXyIwun0YzU6DFP,11,-7.399,99.947,1,150
a lot,21 Savage,12/21/2018,146,64,84,-8,27,4:49,7724770,2t8yVaLvJ0RenpXUIAC52d,1,-7.643,145.972,1,289
Leave Me Alone,Flipp Dinero,9/4/2018,150,74,79,-3,74,3:16,580702,14mHfNsSHN0FbLftyjrV9g,7,-2.806,150.024,16,196
Lost in the Fire (feat. The Weeknd),Gesaffelstein,1/11/2019,101,67,66,-12,17,3:22,318766,7wFybC8jBH3zE139OpCtpG,2,-12.159,101.004,1,202
7 rings,Ariana Grande,1/18/2019,140,32,78,-11,33,2:59,44465957,14msK75pk3pA33pzPVNtBF,1,-10.744,70.142,1,179
Look Back at It,A Boogie Wit da Hoodie,12/21/2018,96,59,79,-5,54,2:59,4366384,3Ol2xnObFdKV9pmRD2t9x8,3,-5.075,96.057,5,179
MIDDLE CHILD,J. Cole,1/23/2019,124,36,84,-12,46,3:34,10667391,2JvzF1RMd7lE3KmFlsyZD8,8,-11.713,123.984,1,214
bury a friend,Billie Eilish,1/30/2019,120,39,91,-15,20,3:13,24038243,4NzMOnvSJVNKF7nw5NkXIP,8,-14.505,120.046,2,193
"break up with your girlfriend, i'm bored",Ariana Grande,2/8/2019,170,55,73,-5,34,3:10,44465957,4kV4N9D1iKVxx1KLvtTpjS,5,-5.29,169.999,1,190
NASA,Ariana Grande,2/8/2019,75,46,75,-7,47,3:02,44465957,4SPu0Ql902hTVXkBoNIYtq,6,-6.887,75.005,1,182
needy,Ariana Grande,2/8/2019,87,31,65,-8,20,2:52,44465957,1TEL6MlSSVLSdhOSddidlJ,7,-7.948,87.045,1,172
bad idea,Ariana Grande,2/8/2019,138,58,85,-5,57,4:27,44465957,7EQpvVujgytLVY8vKiDHAg,1,-5.316,137.995,1,267
bloodline,Ariana Grande,2/8/2019,152,67,76,-5,64,3:37,44465957,2hloaUoRonYssMuqLCBLTX,2,-5.188,151.976,1,217
fake smile,Ariana Grande,2/8/2019,83,62,45,-7,43,3:29,44465957,3wFLWP0FcIqHK1wb1CPthQ,9,-7.412,83.3,1,209
ghostin,Ariana Grande,2/8/2019,104,36,29,-8,11,4:31,44465957,4lD7gHKF1e8Y9stQuVezZB,9,-8.294,103.807,1,271
Robbery,Juice WRLD,2/13/2019,160,69,69,-5,58,4:00,8911211,44ShclXTOOnYtt5CnCDeGV,2,-5.179,79.99,2,240
Thotiana,Blueface,12/18/2018,104,38,91,-13,39,2:09,2207027,3oh6SCCeLuXhFpEyepla6G,10,-12.89,104.025,8,129
Murder On My Mind,YNW Melly,8/3/2018,115,73,76,-8,74,4:28,3311908,7eBqSVxrzQZtK2mmgRG6lC,0,-7.985,115.007,28,268
Sucker,Jonas Brothers,3/1/2019,138,73,84,-5,95,3:01,3909473,4y3OI86AEP6PQoDE6olYhO,1,-5.065,137.958,1,181
Shallow,Lady Gaga,10/5/2018,96,39,57,-6,32,3:36,11192487,2VxeLyX666F8uXCJ0dZF8B,7,-6.362,95.799,20,216
Fast,Juice WRLD,3/8/2019,85,61,62,-6,26,3:29,8911211,6MjNilJCVKJq0LfFvo5jWJ,1,-5.937,84.98,1,209
Swervin (feat. 6ix9ine),A Boogie Wit da Hoodie,12/21/2018,93,66,58,-5,43,3:09,4366384,1wJRveJZLSb1rjhnUHQiv6,9,-5.239,93.023,12,189
Old Town Road,Lil Nas X,12/3/2018,136,53,91,-6,51,1:53,2943045,53CJANUxooaqGOtdsBTh7O,1,-6.063,136.019,15,113
bad guy,Billie Eilish,3/29/2019,135,43,70,-11,56,3:14,24038243,2Fxmhks0bxGSBdJ92vM42m,7,-10.965,135.128,1,194
you should see me in a crown,Billie Eilish,3/29/2019,150,53,68,-10,32,3:01,24038243,3Fj47GNK2kUF0uaEDgXLaD,7,-10.198,118.028,1,181
when the party's over,Billie Eilish,3/29/2019,83,11,37,-14,20,3:16,24038243,43zdsphuZLzwA9k4DJhU0I,4,-14.084,82.642,1,196
xanny,Billie Eilish,3/29/2019,112,13,52,-18,5,4:04,24038243,4QIo4oxwzzafcBWkKjDpXY,9,-17.832,111.554,1,244
all the good girls go to hell,Billie Eilish,3/29/2019,185,44,73,-9,57,2:49,24038243,6IRdLKIyS4p7XNiP8r6rsx,8,-8.922,185.044,1,169
my strange addiction,Billie Eilish,3/29/2019,100,31,94,-11,56,3:00,24038243,3Tc57t9l2O8FwQZtQOvPXK,8,-10.952,100.029,1,180
Old Town Road - Remix,Lil Nas X,4/5/2019,136,62,88,-6,64,2:37,2943045,6u7jPi22kF8CTQ3rb9DHE7,6,-5.56,136.041,1,157
Talk,Khalid,2/7/2019,136,40,90,-8,34,3:17,11129019,6TqXcAFInzjp0bODyvrWEq,0,-8.575,135.984,9,197
Outta My Head (with John Mayer),Khalid,4/5/2019,103,55,73,-8,51,2:57,11129019,09oZ9eXQ2fo6YDrPzJqAoP,0,-7.818,103.012,1,177
Boy With Luv (feat. Halsey),BTS,4/12/2019,120,86,65,-5,80,3:50,17723276,5KawlOMHjWeUjQtnuRs22c,11,-4.757,119.991,1,230
Sanguine Paradise,Lil Uzi Vert,4/9/2019,135,60,73,-7,21,4:04,8412704,3XiNC94b4Tq1xwv70sQJGN,6,-6.736,134.972,2,244
ME! (feat. Brendon Urie of Panic! At The Disco),Taylor Swift,4/26/2019,182,83,61,-4,73,3:13,28259437,4Sib57MmYGJzSvkW84jTwh,0,-4.134,182.123,1,193
Homicide,Logic,5/3/2019,140,76,72,-6,80,4:05,4565122,0Lw6aQcBFWTQ9m4MSwwwes,10,-5.656,139.831,1,245
If I Can't Have You,Shawn Mendes,5/3/2019,124,81,69,-4,86,3:11,25580553,6LsAAHotRLMOHfCsSfYCsz,2,-4.198,123.911,1,191
Truth Hurts,Lizzo,4/19/2019,158,62,72,-3,41,2:53,2465334,5qmq61DAAOUaW8AUo8xKhh,4,-3.046,158.087,4,173
I Don't Care (with Justin Bieber),Ed Sheeran,5/10/2019,102,68,80,-5,84,3:40,62175717,3HVWdVOQ0ZA45FuZGSfvns,6,-5.041,101.956,2,220
Suge,DaBaby,3/1/2019,75,66,88,-6,84,2:43,2641315,2gwkD6igEhQbDQegRCcdoB,2,-6.482,75.445,11,163
EARFQUAKE,"Tyler, The Creator",5/17/2019,80,50,55,-9,41,3:10,4144780,5hVghJ4KaYES3BFUATCYn0,9,-8.866,79.635,1,190
I THINK,"Tyler, The Creator",5/17/2019,121,58,83,-8,43,3:32,4144780,4f8Mh5wuWHOsfXtzjrJB3t,8,-8.241,121.075,1,212
Nightmare,Halsey,5/17/2019,146,62,61,-5,54,3:52,10198388,340UVheS8z3ncW9TTUhAbc,9,-5.075,146.11,1,232
The London (feat. J. Cole & Travis Scott),Young Thug,5/23/2019,98,59,80,-7,18,3:20,5061672,7DcvwMAiqKJQD1rrdfxSDx,4,-6.946,97.981,2,200
Pop Out (feat. Lil Tjay),Polo G,2/1/2019,168,64,77,-7,26,2:47,1066851,5AjINjwKyRvQJhSe2zpPHi,1,-7.106,83.976,16,167
Never Really Over,Katy Perry,5/31/2019,100,88,77,-5,39,3:44,15161661,5PYQUBXc7NYeI1obMKSJK0,8,-4.792,99.991,1,224
Money In The Grave (Drake ft. Rick Ross),Drake,6/15/2019,101,50,83,-4,10,3:25,46039011,5ry2OE6R2zPQFDO85XkgRb,10,-4.045,100.541,1,205
You Need To Calm Down,Taylor Swift,6/14/2019,85,67,77,-6,71,2:51,28259437,29fRTIKsJhLUJoldM89GZS,2,-5.604,85.025,1,171
No Guidance (feat. Drake),Chris Brown,6/8/2019,93,45,70,-7,14,4:21,11088758,7FEwp8BavoEVE3AnxJDchc,1,-6.756,92.932,2,261
Señorita,Shawn Mendes,6/21/2019,117,54,76,-6,75,3:11,25580553,0TK2YIli7K1leLovkQiNik,9,-6.039,116.947,1,191
Panini,Lil Nas X,6/21/2019,154,59,70,-6,48,1:55,2943045,6fTt0CH2t0mdeB2N9XFG5r,5,-6.146,153.848,1,115
Ransom,Lil Tecca,5/22/2019,180,64,75,-6,23,2:11,2084469,1kBbgxAUc4HQv7cgIayIDH,7,-6.257,179.974,5,131
Rodeo,Lil Nas X,6/21/2019,140,68,71,-6,66,2:39,2943045,4ak7xjvBeBOcJGWFDX9w5n,9,-5.614,140.081,1,159
Goodbyes (feat. Young Thug),Post Malone,7/5/2019,150,65,55,-4,16,2:55,24184201,6vBdBCoOhKHiYDDOcorfNo,5,-3.818,150.231,1,175
Beautiful People (feat. Khalid),Ed Sheeran,6/28/2019,93,65,64,-8,55,3:18,62175717,4evmHXcjt3bTUHD1cvny97,5,-8.113,92.977,3,198
How Do You Sleep?,Sam Smith,7/19/2019,111,68,48,-5,35,3:22,12355637,6b2RcmUt1g9N9mQ3CbjX2Y,1,-4.931,110.567,1,202
Hot Shower,Chance the Rapper,7/26/2019,150,51,90,-8,60,3:46,4764204,00ko9WaS4jOX1kEk3gvHjf,9,-8.04,150.001,1,226
boyfriend (with Social House),Ariana Grande,8/2/2019,190,80,40,-4,70,3:06,44465957,0Ryd8975WihbObpp5cPW1t,10,-3.731,190.097,1,186
Hot Girl Summer (feat. Nicki Minaj & Ty Dolla $ign),Megan Thee Stallion,8/9/2019,99,81,87,-5,57,3:19,934812,5N1o6d8zGcSZSeMFkOUQOk,0,-4.568,98.985,1,199
Lover,Taylor Swift,8/23/2019,69,54,36,-8,45,3:41,28259437,1dGr1c8CrMLDpV6mPbImSI,7,-7.582,68.534,1,221
Bad Bad Bad (feat. Lil Baby),Young Thug,8/16/2019,112,60,97,-9,89,2:29,5061672,1GeNui6m825V8jP4uKiIaH,6,-8.888,111.959,1,149
The Man,Taylor Swift,8/23/2019,110,66,78,-5,63,3:10,28259437,3RauEVgRgj1IuWdJ9fDs70,0,-5.191,110.098,1,190
Cruel Summer,Taylor Swift,8/23/2019,170,70,55,-6,56,2:58,28259437,1BxfuPKGuaTgP7aM0Bbdwr,9,-5.707,169.994,1,178
I Forgot That You Existed,Taylor Swift,8/23/2019,93,32,66,-10,54,2:51,28259437,43rA71bccXFGD4C8GOpIlN,5,-10.345,92.875,1,171
Paper Rings,Taylor Swift,8/23/2019,104,72,81,-7,87,3:42,28259437,4y5bvROuBDPr5fuwXbIBZR,9,-6.553,103.979,1,222
Circles,Post Malone,9/6/2019,120,76,70,-3,55,3:35,24184201,4VginDwYTP2eaHJzO0QMjG,0,-3.537,120.003,1,215
Saint-Tropez,Post Malone,9/6/2019,132,68,62,-4,30,2:31,24184201,7C39RtGhnEw7cyf0Pyw7PV,0,-3.618,132.113,1,151
Take What You Want (feat. Ozzy Osbourne & Travis Scott),Post Malone,9/6/2019,140,80,50,-3,27,3:50,24184201,4Yq3XUNfWrAPWuB94qkC09,1,-2.665,139.919,1,230
Enemies (feat. DaBaby),Post Malone,9/6/2019,76,67,54,-4,67,3:17,24184201,6UFEJuDXQMWhL5UH5f9fUR,6,-4.169,76.338,1,197
Hollywood's Bleeding,Post Malone,9/6/2019,130,65,41,-3,17,2:36,24184201,77Y7tccX9Hx5iClDr39uy9,4,-3.206,130.218,1,156
Die For Me (feat. Future & Halsey),Post Malone,9/6/2019,145,66,61,-3,45,4:05,24184201,59PYPDxTbqJpiGfyogPb5h,0,-2.848,145.01,1,245
On The Road (feat. Meek Mill & Lil Baby),Post Malone,9/6/2019,113,74,44,-5,21,3:38,24184201,0hGH0S74Eoyv6mXZcOKtdQ,7,-5.046,112.93,1,218
A Thousand Bad Times,Post Malone,9/6/2019,159,73,63,-3,32,3:41,24184201,3hFG4jR5stnIQJDI64KlJY,6,-3.498,159,1,221
